,train,valid,test,rest data
LEFT,1.0,0.9516042301487722,0.9280183538858617,0.9411157024793388
RIGHT,1.0,0.9539343968453128,0.917981072555205,0.9297318100794036
