,train,valid,test,rest data
xgboost,1.0,0.961642,0.962002,0.987563
drop_mDWT,1.0,0.965585,0.96702,0.990338
d_mDWT_TF,0.9993725630798189,0.9643305251837246,0.956696300544881,0.9647139847674607
all_TF,0.9970869000134451,0.9593117046065603,0.9513908804129624,0.9606830335439961
