,Left,Right
train,0.957071396,0.995952706
valid,0.910694798,0.934521644
test,0.926513388,0.884895227
rest data,0.921026,0.91031
