,xgboost,DNN
train,0.999818099,0.998272
valid,0.955983994,0.973263
test,0.94121071,0.932625
rest data,0.96074,0.959381
