,xgboost,DNN
train,0.992682 ,0.999455 
valid,0.954727 ,0.976909 
test,0.963636 ,0.946036 
rest data,0.983382 ,0.961448 
